tier,kind,class,name,file,line,decorators,exclusion,has_test_coverage
1,class,,HarvestAction,src/actions/harvest.py,6,,real,True
1,class,,LootAction,src/actions/loot.py,6,,real,True
1,function,,admission_status,src/api/admission_control.py,232,,real,True
1,function,,list_tickets,src/api/agent_ops_dashboard/main.py,35,get,fastapi_route,False
1,function,,list_run_timelines,src/api/agent_ops_dashboard/main.py,78,get,fastapi_route,False
1,function,,get_run_timeline,src/api/agent_ops_dashboard/main.py,96,get,fastapi_route,False
1,class,,ReadModelService,src/api/read_model_service.py,8,,real,True
1,function,,get_behavior_events,src/api/routes/behavior.py,21,get,fastapi_route,True
1,function,,get_entity_behavior_timeline,src/api/routes/behavior.py,54,get,fastapi_route,True
1,function,,get_entity_behavior_episodes,src/api/routes/behavior.py,78,get,fastapi_route,True
1,function,,get_run_behavior_scorecard,src/api/routes/behavior.py,108,get,fastapi_route,True
1,function,,get_run_behavior_insights,src/api/routes/behavior.py,127,get,fastapi_route,True
1,function,,get_run_cohorts,src/api/routes/behavior.py,143,get,fastapi_route,True
1,function,,compare_run_behavior,src/api/routes/behavior.py,159,get,fastapi_route,True
1,function,,unregister_campaign,src/api/routes/campaigns.py,56,,real,False
1,function,,get_settlement_personality,src/api/routes/campaigns.py,153,get,fastapi_route,True
1,function,,unregister_chronicle,src/api/routes/chronicle.py,52,,real,False
1,function,,get_chronicle,src/api/routes/chronicle.py,79,get,fastapi_route,True
1,function,,get_era_summary,src/api/routes/chronicle.py,118,get,fastapi_route,True
1,function,,get_entity_decisions,src/api/routes/decisions.py,56,get,fastapi_route,True
1,function,,get_entity_decisions_range,src/api/routes/decisions.py,76,get,fastapi_route,True
1,function,,get_entity_decisions_summary,src/api/routes/decisions.py,104,get,fastapi_route,True
1,function,,get_economy_health,src/api/routes/economy.py,28,get,fastapi_route,False
1,function,,get_sweep,src/api/routes/history.py,81,get,fastapi_route,False
1,function,,get_map,src/api/routes/map.py,24,get,fastapi_route,False
1,function,,get_enums,src/api/routes/metadata.py,28,get,fastapi_route,False
1,function,,get_items,src/api/routes/metadata.py,33,get,fastapi_route,False
1,function,,get_classes,src/api/routes/metadata.py,38,get,fastapi_route,False
1,function,,get_traits,src/api/routes/metadata.py,43,get,fastapi_route,False
1,function,,get_attributes,src/api/routes/metadata.py,48,get,fastapi_route,False
1,function,,get_buildings,src/api/routes/metadata.py,53,get,fastapi_route,False
1,function,,get_resources,src/api/routes/metadata.py,58,get,fastapi_route,False
1,function,,get_recipes,src/api/routes/metadata.py,63,get,fastapi_route,False
1,function,,get_scenario_status,src/api/routes/scenarios.py,48,get,fastapi_route,False
1,function,,create_checkpoint,src/api/routes/scenarios.py,57,post,fastapi_route,False
1,function,,restore_checkpoint,src/api/routes/scenarios.py,73,post,fastapi_route,False
1,function,,search_runs,src/api/routes/search.py,28,get,fastapi_route,True
1,function,,search_events,src/api/routes/search.py,74,get,fastapi_route,True
1,function,,search_anomalies,src/api/routes/search.py,131,get,fastapi_route,True
1,function,,get_metric_trend,src/api/routes/search.py,273,get,fastapi_route,True
1,function,,get_static,src/api/routes/static.py,27,get,fastapi_route,False
1,function,,stream_ws,src/api/ws/stream.py,19,websocket,fastapi_route,True
1,function,,stream_observe_ws,src/api/ws/stream.py,91,websocket,fastapi_route,False
1,function,,stream_live_events_ws,src/api/ws/stream.py,157,websocket,fastapi_route,False
1,class,,CertificationHarness,src/certification/harness.py,33,,real,True
1,class,,PressureInjector,src/certification/scenarios.py,9,,real,True
1,function,,get_scenario_expectations,src/certification/scenarios.py,540,,real,True
1,function,,effective_certainty,src/cognition/knowledge_model.py,137,,real,True
1,function,,generate_matrix_report,src/content/matrix.py,729,,real,True
1,function,,validate_matrix_evidence,src/content/validator.py,62,,real,True
1,class,,ActionProposal,src/core/actions.py,10,dataclass,real,False
1,function,,fantasy_years_to_ticks,src/core/calendar.py,16,,real,True
1,function,,get_self_awareness,src/core/cognition_accessors.py,12,,real,True
1,function,,get_need_interpretation,src/core/cognition_accessors.py,16,,real,True
1,function,,get_capability_estimate,src/core/cognition_accessors.py,20,,real,True
1,function,,get_knowledge_model,src/core/cognition_accessors.py,24,,real,True
1,class,,Degradable,src/core/contracts.py,18,runtime_checkable,real,False
1,class,,KernelContractError,src/core/contracts.py,26,,real,False
1,class,,DiagnosticReport,src/core/diagnostic.py,20,dataclass,real,False
1,class,,CandidateSelector,src/core/dirty.py,477,,real,True
1,class,,MovementIntention,src/core/enums.py,39,unique,real,False
1,function,,to_export_state,src/core/export.py,37,,real,True
1,class,,StateSerializer,src/core/serialization.py,9,,real,False
1,class,,CampaignReportGenerator,src/domains/campaigns/reports.py,12,,real,True
1,class,,SimulationAnalysisRunner,src/domains/campaigns/runner.py,29,,real,True
1,class,,CampaignPlaceholder,src/domains/campaigns/schema.py,14,dataclass,real,False
1,class,,CampaignSpecLoader,src/domains/campaigns/spec.py,12,,real,True
1,class,,PartnerCandidateConsideredEvent,src/domains/cooperation/events.py,21,dataclass,real,False
1,class,,CooperationOutcomeLearnedEvent,src/domains/cooperation/events.py,57,dataclass,real,False
1,class,,PhaseBudgetManager,src/domains/optimization/budget_manager.py,23,,real,True
1,class,,DeveloperDiagnostics,src/domains/optimization/diagnostics.py,11,,real,True
1,class,,DirtyWorkScheduler,src/domains/optimization/dirty_scheduler.py,3,,real,True
1,class,,MemoryCapacityLimits,src/domains/optimization/memory_limits.py,10,,real,True
1,class,,ProviderBudgetEnforcement,src/domains/optimization/provider_enforcement.py,10,,real,True
1,class,,TraceVolumeGovernor,src/domains/optimization/trace_governor.py,12,,real,True
1,class,,RewardLedgerService,src/domains/progression/ledger.py,13,,real,True
1,function,,get_registry,src/engine/capability.py,48,,real,False
1,function,,_readonly_state_view,src/engine/executor.py,34,,real,False
1,class,,MovementPlanCache,src/engine/movement_cache.py,27,,real,True
1,class,,ReadinessEvaluator,src/engine/readiness.py,7,runtime_checkable,real,False
1,class,,DefaultReadinessEvaluator,src/engine/readiness.py,16,,real,False
1,class,,DiscoveryService,src/engine/rpg_depth.py,234,,real,False
1,class,,TargetStickinessService,src/engine/rpg_depth.py,276,,real,True
1,class,,SemanticEntityQuery,src/engine/semantic_entity_index.py,188,,real,True
1,class,,TickContext,src/engine/tick.py,12,dataclass,real,False
1,function,,set_logging_context,src/logging/formatter.py,11,,real,False
1,function,,register_exporter,src/observability/analytics/exporter.py,582,,real,False
1,class,,SamplingPolicy,src/observability/budget/budget_profile.py,47,,real,True
1,class,,DeflationRiskEvent,src/observability/events.py,193,,real,True
1,class,,EconomicCollapseEvent,src/observability/events.py,233,,real,True
1,class,,NemesisRelationFormedEvent,src/observability/events.py,514,,real,True
1,class,,LiveAnomalyCounters,src/observability/live/anomaly_counter.py,8,,real,False
1,class,,DataCompletenessAuditor,src/observability/mining/auditor.py,13,,real,True
1,class,,DeterminismAuditor,src/observability/mining/auditor.py,132,,real,True
1,class,,MiningExperimentController,src/observability/mining/controller.py,135,,real,True
1,class,,MiningDatasetBuilder,src/observability/mining/dataset.py,191,,real,True
1,class,,EvidencePackBuilder,src/observability/mining/evidence.py,13,,real,True
1,class,,AIAgentInvestigationRunner,src/observability/mining/orchestrator.py,50,,real,True
1,class,,PatternMiningEngine,src/observability/mining/patterns.py,15,,real,True
1,class,,EngineeringBacklogGenerator,src/observability/mining/priority.py,42,,real,True
1,class,,NextExperimentRecommender,src/observability/mining/recommender.py,58,,real,True
1,class,,MiningReviewWorkflow,src/observability/mining/workflow.py,13,,real,True
1,class,,MiningQualityGate,src/observability/mining/workflow.py,83,,real,True
1,function,,get_observability_queue,src/observability/queue.py,172,,real,False
1,function,,get_or_start_global_worker,src/observability/queue.py,181,,real,True
1,function,,get_active_global_worker_count,src/observability/queue.py,196,,real,True
1,class,,LongRunStabilityHarness,src/perf/long_run_harness.py,114,,real,True
1,class,,PerfRegressionGate,src/perf/regression_gate.py,71,,real,True
1,function,,average_scores,src/rendering/grading.py,169,,real,True
1,class,,IncrementalRenderer,src/rendering/incremental.py,25,,real,True
1,function,,dirty_entity_ids_for_render,src/rendering/incremental.py,145,,real,True
1,function,,compute_trail_activity,src/rendering/variants.py,63,,real,True
1,class,,ModifierApplicator,src/scenarios/modifier_applicator.py,51,,real,True
1,function,,get_quality_status,src/simulation_quality/api/routes.py,36,get,fastapi_route,False
1,function,,get_quality_pillars,src/simulation_quality/api/routes.py,57,get,fastapi_route,False
1,function,,get_quality_pillar_detail,src/simulation_quality/api/routes.py,81,get,fastapi_route,False
1,function,,get_quality_alerts,src/simulation_quality/api/routes.py,130,get,fastapi_route,False
1,class,,QualityFeedMode,src/simulation_quality/feed.py,13,,real,True
1,class,,LeadService,src/strategy/leads.py,7,,real,True
1,class,,GroupService,src/systems/social_systems/group_service.py,5,,real,True
1,function,,build_reward_transfer_intents,src/systems/social_systems/reward_distribution.py,84,,real,True
1,class,,BlacksmithAction,src/town/blacksmith.py,68,,real,True
1,class,,HomeAction,src/town/home.py,6,,real,True
1,class,,HomeStorageAction,src/town/home_storage.py,87,,real,True
1,class,,InnAction,src/town/inn.py,7,,real,True
1,class,,ShopAction,src/town/shop.py,112,,real,True
1,class,,GuideInformationProvider,src/world/providers/information.py,34,,real,True
1,class,,BlacksmithInformationProvider,src/world/providers/information.py,108,,real,True
1,class,,GuildInformationProvider,src/world/providers/information.py,144,,real,True
1,class,,RegionThreatClassifier,src/world/region_threat_classifier.py,26,,real,True
1,class,,RegionService,src/world/regions.py,10,,real,True
2,method,HarvestAction,start_harvest,src/actions/harvest.py,10,staticmethod,real,True
2,method,LootAction,start_loot,src/actions/loot.py,10,staticmethod,real,True
2,method,V2EngineManager,is_stopped,src/api/engine_manager.py,354,property,real,True
2,method,ReadModelService,world_full,src/api/read_model_service.py,23,,real,True
2,method,ReadModelService,entity_status,src/api/read_model_service.py,27,,real,True
2,method,ReadModelService,entities_paged,src/api/read_model_service.py,35,,real,True
2,method,CertificationHarness,run_scenario,src/certification/harness.py,64,,real,True
2,method,CertificationResult,to_json,src/certification/models.py,278,,real,True
2,method,PressureInjector,inject_entities,src/certification/scenarios.py,13,staticmethod,real,False
2,method,PressureInjector,inject_work_debt,src/certification/scenarios.py,33,staticmethod,real,False
2,method,ArenaInjector,register_all,src/certification/scenarios.py,397,staticmethod,real,False
2,method,CapabilityContext,for_crafting,src/cognition/capability_estimate.py,54,classmethod,real,True
2,method,RuntimeProfile,name_must_not_be_empty,src/config/profiles.py,72,field_validator;classmethod,pydantic_validator,False
2,method,ContentPackManifest,_require_at_least_one_consumer,src/content/pack_manifest.py,39,model_validator,pydantic_validator,False
2,method,ContentPackManifestValidator,validate_or_raise,src/content/pack_manifest.py,84,,real,True
2,method,ContentReferenceGraph,get_outgoing_neighbors,src/content/reference_graph.py,204,,real,True
2,method,CatalogRepository,get_species_relationship,src/content/repository.py,483,,real,True
2,method,CatalogRepository,get_terrain,src/content/repository.py,489,,real,False
2,method,CatalogRepository,get_spawn_table,src/content/repository.py,513,,real,False
2,method,CatalogRepository,get_class_table,src/content/repository.py,516,,real,False
2,method,CatalogRepository,get_default_profile,src/content/repository.py,519,,real,False
2,method,CatalogRepository,get_all_ids_by_type,src/content/repository.py,526,,real,True
2,method,CatalogRepository,get_deprecated_ids,src/content/repository.py,566,,real,False
2,method,FoundationResolver,resolve_element,src/content/resolver.py,118,,real,True
2,method,FoundationResolver,resolve_relationship_axis,src/content/resolver.py,125,,real,True
2,method,FoundationResolver,resolve_materials,src/content/resolver.py,148,,real,True
2,method,SocialDefaultsResolver,resolve_faction_relationship,src/content/resolver.py,302,,real,True
2,method,PopulationRecipeResolver,resolve_all_members,src/content/resolver.py,596,,real,True
2,method,SpeciesDefinition,validate_intelligence_tier,src/content/schema.py,149,field_validator;classmethod,pydantic_validator,False
2,method,FactionDefinition,validate_legacy_bucket,src/content/schema.py,172,field_validator;classmethod,pydantic_validator,False
2,method,RoleDefinition,validate_legacy_role,src/content/schema.py,190,field_validator;classmethod,pydantic_validator,False
2,method,ContentWarmupService,is_warm,src/content/warmup.py,51,staticmethod,real,True
2,method,FactionSemanticsService,get_influence_role,src/content_semantics/faction.py,113,,real,False
2,method,RoleSemanticsService,get_default_inventory_profile,src/content_semantics/role.py,52,,real,False
2,method,RoleSemanticsService,get_default_cognition_profile,src/content_semantics/role.py,56,,real,False
2,method,V2EntityBuilder,replace_cognition,src/core/builder.py,132,,real,True
2,method,V2EntityBuilder,replace_strategic,src/core/builder.py,801,,real,True
2,method,V2EntityBuilder,replace_social,src/core/builder.py,805,,real,False
2,method,V2EntityBuilder,replace_biological,src/core/builder.py,809,,real,True
2,method,V2EntityBuilder,replace_attributes,src/core/builder.py,817,,real,False
2,method,V2EntityBuilder,replace_aptitude,src/core/builder.py,821,,real,False
2,method,V2EntityBuilder,replace_equipment,src/core/builder.py,825,,real,True
2,method,V2EntityBuilder,replace_interaction,src/core/builder.py,829,,real,True
2,method,V2EntityBuilder,replace_task,src/core/builder.py,833,,real,False
2,method,V2EntityBuilder,replace_stamina,src/core/builder.py,837,,real,True
2,method,V2EntityBuilder,replace_self_model,src/core/builder.py,841,,real,True
2,method,DirtySet,from_update,src/core/dirty.py,245,staticmethod,real,True
2,method,InventoryService,can_equip_item,src/core/inventory.py,125,staticmethod,real,False
2,method,QuestState,is_finished,src/core/models/quests.py,62,property,real,False
2,method,RecipeRegistry,get_all,src/core/recipes.py,47,classmethod,real,False
2,method,StateSerializer,deserialize,src/core/serialization.py,29,staticmethod,real,True
2,method,WorkItem,is_deferrable,src/core/work.py,39,property,real,False
2,method,CampaignOrchestrator,describe_settlement_personality,src/domains/campaigns/orchestrator.py,207,,real,True
2,method,CampaignOrchestrator,_get_spawn_entities,src/domains/campaigns/orchestrator.py,935,,real,True
2,method,CampaignOrchestrator,_get_spawn_factions,src/domains/campaigns/orchestrator.py,943,,real,True
2,method,FactionSocialMemoryExporter,build_from_events,src/domains/campaigns/social_memory.py,162,staticmethod,real,True
2,method,CampaignSpecLoader,load_from_yaml,src/domains/campaigns/spec.py,14,staticmethod,real,True
2,method,CommitmentReputationRouteImpact,apply_route_bias,src/domains/commitment/impact.py,15,staticmethod,real,True
2,method,CommitmentReputationRouteImpact,apply_partner_fit_bias,src/domains/commitment/impact.py,31,staticmethod,real,True
2,method,CommitmentPressureService,compute_pressure,src/domains/commitment/pressure.py,14,staticmethod,real,False
2,method,OpportunityCostEvaluator,evaluate_cost,src/domains/emotion/opportunity_cost.py,13,staticmethod,real,True
2,method,RecoveryReadinessService,is_ready_to_retry,src/domains/emotion/recovery_service.py,15,staticmethod,real,True
2,method,RecoveryReadinessService,register_near_death,src/domains/emotion/recovery_service.py,23,staticmethod,real,False
2,method,LegendFactService,to_world_signal,src/domains/fame/legend.py,76,staticmethod,real,True
2,method,FeaturePackManifest,to_yaml_dict,src/domains/feature_packs/manifest.py,66,,real,True
2,method,BeliefRouteImpactService,evaluate_impact,src/domains/information/route_impact.py,24,staticmethod,real,True
2,method,SpatialMemoryUpdateService,record_resource_site,src/domains/memory/spatial_update.py,66,staticmethod,real,True
2,method,RoleFitEvaluator,evaluate_weapon,src/domains/motivation/evaluator.py,23,classmethod,real,True
2,method,RoleFitEvaluator,evaluate_armor,src/domains/motivation/evaluator.py,27,classmethod,real,True
2,method,RoleFitEvaluator,evaluate_skill,src/domains/motivation/evaluator.py,31,classmethod,real,True
2,method,RoleFitEvaluator,evaluate_party_role,src/domains/motivation/evaluator.py,35,classmethod,real,True
2,method,RoleFitEvaluator,evaluate_quest,src/domains/motivation/evaluator.py,39,classmethod,real,True
2,method,PhaseBudgetManager,check_and_consume,src/domains/optimization/budget_manager.py,38,,real,True
2,method,GracefulDegradationManager,get_level,src/domains/optimization/degradation.py,30,,real,True
2,method,GracefulDegradationManager,update_pressure,src/domains/optimization/degradation.py,33,,real,True
2,method,GracefulDegradationManager,get_provider_cap,src/domains/optimization/degradation.py,49,,real,True
2,method,GracefulDegradationManager,should_skip_phase,src/domains/optimization/degradation.py,58,,real,True
2,method,DeveloperDiagnostics,record_issue,src/domains/optimization/diagnostics.py,16,,real,True
2,method,DirtyWorkScheduler,mark_entity_dirty,src/domains/optimization/dirty_scheduler.py,9,,real,True
2,method,DirtyWorkScheduler,mark_region_dirty,src/domains/optimization/dirty_scheduler.py,14,,real,False
2,method,DirtyWorkScheduler,is_entity_dirty,src/domains/optimization/dirty_scheduler.py,19,,real,True
2,method,DirtyWorkScheduler,is_region_dirty,src/domains/optimization/dirty_scheduler.py,22,,real,False
2,method,DirtyWorkScheduler,get_dirty_entities,src/domains/optimization/dirty_scheduler.py,25,,real,True
2,method,DirtyWorkScheduler,get_dirty_regions,src/domains/optimization/dirty_scheduler.py,28,,real,False
2,method,DirtyWorkScheduler,next_entities,src/domains/optimization/dirty_scheduler.py,31,,real,True
2,method,DirtyWorkScheduler,next_regions,src/domains/optimization/dirty_scheduler.py,36,,real,False
2,method,DirtyWorkScheduler,clear_processed_entities,src/domains/optimization/dirty_scheduler.py,40,,real,True
2,method,DirtyWorkScheduler,clear_processed_regions,src/domains/optimization/dirty_scheduler.py,44,,real,False
2,method,FeatureFlagManager,get_all_flags,src/domains/optimization/feature_flags.py,187,,real,True
2,method,FeatureFlagManager,is_enabled,src/domains/optimization/feature_flags.py,197,,real,True
2,method,FeatureFlagManager,is_shadow,src/domains/optimization/feature_flags.py,200,,real,True
2,method,MemoryCapacityLimits,add_fact,src/domains/optimization/memory_limits.py,25,,real,True
2,method,MemoryCapacityLimits,add_opponent,src/domains/optimization/memory_limits.py,33,,real,True
2,method,MemoryCapacityLimits,add_reward,src/domains/optimization/memory_limits.py,40,,real,True
2,method,MemoryCapacityLimits,add_coop_memory,src/domains/optimization/memory_limits.py,47,,real,True
2,method,MemoryCapacityLimits,get_facts,src/domains/optimization/memory_limits.py,54,,real,True
2,method,MemoryCapacityLimits,get_opponents,src/domains/optimization/memory_limits.py,57,,real,True
2,method,MemoryCapacityLimits,get_rewards,src/domains/optimization/memory_limits.py,60,,real,True
2,method,MemoryCapacityLimits,get_coop_memories,src/domains/optimization/memory_limits.py,63,,real,True
2,method,MemoryCapacityLimits,generate_eviction_report,src/domains/optimization/memory_limits.py,66,,real,True
2,method,ProviderBudgetEnforcement,execute_call,src/domains/optimization/provider_enforcement.py,30,,real,True
2,method,TraceVolumeGovernor,process_events,src/domains/optimization/trace_governor.py,20,,real,True
2,method,RewardLedgerService,record_entry,src/domains/progression/ledger.py,22,classmethod,real,True
2,method,RewardLedgerService,mark_consumed,src/domains/progression/ledger.py,54,classmethod,real,True
2,method,QuestOpportunityGenerator,from_entity_need,src/domains/world_emergence/services.py,252,staticmethod,real,True
2,method,ApplyPath,apply_passive,src/engine/apply.py,517,staticmethod,real,True
2,method,CacheRegistry,deregister_cache,src/engine/cache_registry.py,104,,real,False
2,method,CacheRegistry,get_all_metrics,src/engine/cache_registry.py,110,,real,True
2,method,CapabilityRegistry,is_supported,src/engine/capability.py,24,,real,True
2,method,CapabilityRegistry,all_capabilities,src/engine/capability.py,36,,real,False
2,method,CapabilityRegistry,capabilities_by_status,src/engine/capability.py,40,,real,False
2,method,CombatResolutionSystem,resolve_opportunity_attack,src/engine/combat.py,246,staticmethod,real,True
2,method,ActionIntentAdapter,get_traces,src/engine/intent/action_intent.py,42,classmethod,real,True
2,method,ActionIntentAdapter,clear_traces,src/engine/intent/action_intent.py,46,classmethod,real,True
2,method,InteractionSystem,get_weight,src/engine/interaction.py,31,staticmethod,real,False
2,method,Kernel,_get_deterministic_neighbor_view,src/engine/kernel.py,1350,,real,True
2,method,LegalityServiceV2,verify_skill_legality,src/engine/legality.py,334,staticmethod,real,False
2,method,LegalityServiceV2,get_engagement_state,src/engine/legality.py,429,staticmethod,real,False
2,method,MetricsService,detect_strategy_shifts,src/engine/metrics.py,75,staticmethod,real,False
2,method,MilitaryConflictPhase,_find_guard_entities_in_region,src/engine/military_conflict.py,145,staticmethod,real,True
2,method,OccupancySnapshot,is_occupied,src/engine/occupancy_snapshot.py,50,,real,True
2,method,ReadinessEvaluator,is_ready,src/engine/readiness.py,12,,real,False
2,method,DefaultReadinessEvaluator,is_ready,src/engine/readiness.py,18,,real,False
2,method,ReplaySink,check_quota,src/engine/replay_sink.py,111,,real,False
2,method,StaminaService,derive_max_stamina,src/engine/rpg_depth.py,53,staticmethod,real,True
2,method,StaminaService,drain_attack,src/engine/rpg_depth.py,58,staticmethod,real,True
2,method,StaminaService,drain_move,src/engine/rpg_depth.py,64,staticmethod,real,True
2,method,StaminaService,drain_harvest,src/engine/rpg_depth.py,70,staticmethod,real,True
2,method,LeashService,is_at_home,src/engine/rpg_depth.py,223,staticmethod,real,True
2,method,DiscoveryService,get_discovery_threshold,src/engine/rpg_depth.py,238,staticmethod,real,False
2,method,TerrainCostService,get_path_cost,src/engine/rpg_depth.py,264,staticmethod,real,True
2,method,TargetStickinessService,should_switch_target,src/engine/rpg_depth.py,280,staticmethod,real,True
2,method,SpatialQueryService,get_entities_near,src/engine/spatial_query.py,68,staticmethod,real,False
2,method,SpatialQueryService,get_entities_in_bounds,src/engine/spatial_query.py,75,staticmethod,real,False
2,method,SpatialQueryService,get_nodes_near,src/engine/spatial_query.py,82,staticmethod,real,False
2,method,TacticalDecisionSystem,select_best_target,src/engine/tactical.py,849,staticmethod,real,True
2,method,LabApprovalGate,record_approval,src/lab/audit.py,37,,real,True
2,method,LabApprovalGate,check_approval,src/lab/audit.py,101,,real,True
2,method,ContextPackBuilder,build_investigation_pack,src/lab/context.py,153,,real,True
2,method,BudgetCheckResult,is_ok,src/lab/guardrails.py,42,property,real,True
2,method,DynamicWorldRepo,__getattr__,src/lab/mutation.py,314,,real,False
2,method,WorkflowSkill,populate_purpose,src/lab/registry.py,24,model_validator;classmethod,pydantic_validator,False
2,method,WorkflowRegistry,scan_and_register,src/lab/registry.py,65,,real,True
2,method,WorkflowRegistry,get_workflow,src/lab/registry.py,95,,real,True
2,method,WorkflowRegistry,get_skill,src/lab/registry.py,101,,real,True
2,method,WorkflowRegistry,list_workflows,src/lab/registry.py,107,,real,True
2,method,WorkflowRegistry,list_skills,src/lab/registry.py,110,,real,True
2,method,ScenarioRepository,save_scenario,src/lab/repository.py,79,,real,True
2,method,ExperimentRepository,save_experiment,src/lab/repository.py,214,,real,True
2,method,MutationRepository,save_mutation,src/lab/repository.py,549,,real,True
2,method,WorkflowRequest,validate_mode_requirements,src/lab/request.py,17,model_validator,pydantic_validator,False
2,method,ExpectedLimitSpec,validate_limits,src/lab/schema.py,26,model_validator,pydantic_validator,False
2,method,ExperimentSpec,validate_experiment_type,src/lab/schema.py,172,field_validator;classmethod,pydantic_validator,False
2,method,LabRunManifest,validate_status,src/lab/schema.py,242,field_validator;classmethod,pydantic_validator,False
2,method,MatrixSpec,validate_mode,src/lab/schema.py,312,field_validator;classmethod,pydantic_validator,False
2,method,LabSessionStore,create_session,src/lab/session.py,79,,real,True
2,method,LabSessionStore,list_sessions,src/lab/session.py,153,,real,True
2,method,LabResultStore,load_run_report,src/lab/store.py,94,,real,True
2,method,LabResultStore,load_validation_reports,src/lab/store.py,111,,real,True
2,method,LabResultStore,load_compile_report,src/lab/store.py,141,,real,True
2,method,AlertDeduplicator,seen_count,src/observability/alerts/deduplicator.py,56,property,real,True
2,method,AlertRouter,unregister_sink,src/observability/alerts/router.py,42,,real,True
2,method,RuleEngine,apply_envelope,src/observability/anomaly/rules_engine.py,396,,real,True
2,method,CohortAnalyzer,group_by_verdict,src/observability/behavior/cohort_analyzer.py,14,,real,True
2,method,BehaviorWorker,process_jsonl,src/observability/behavior/worker.py,103,,real,True
2,method,BehaviorWorker,start_queue_worker,src/observability/behavior/worker.py,184,,real,True
2,method,BehaviorWorker,stop_queue_worker,src/observability/behavior/worker.py,201,,real,True
2,method,ObservabilityConfig,set_flag_override,src/observability/config.py,193,classmethod,real,True
2,method,ObservabilityConfig,clear_all_overrides,src/observability/config.py,202,classmethod,real,True
2,method,ObservabilityConfig,is_raw_events_enabled,src/observability/config.py,232,classmethod,real,True
2,method,ObservabilityConfig,is_live_stream_enabled,src/observability/config.py,236,classmethod,real,True
2,method,ObservabilityConfig,is_event_recorder_enabled,src/observability/config.py,240,classmethod,real,False
2,method,ObservabilityConfig,is_entity_timeline_enabled,src/observability/config.py,244,classmethod,real,False
2,method,ObservabilityConfig,is_behavior_normalization_enabled,src/observability/config.py,248,classmethod,real,True
2,method,ObservabilityConfig,is_behavior_timeline_enabled,src/observability/config.py,252,classmethod,real,False
2,method,ObservabilityConfig,is_behavior_episodes_enabled,src/observability/config.py,256,classmethod,real,False
2,method,ObservabilityConfig,is_behavior_metrics_enabled,src/observability/config.py,260,classmethod,real,False
2,method,ObservabilityConfig,is_behavior_patterns_enabled,src/observability/config.py,264,classmethod,real,False
2,method,ObservabilityConfig,is_behavior_scorecards_enabled,src/observability/config.py,268,classmethod,real,False
2,method,ObservabilityConfig,is_cohort_analysis_enabled,src/observability/config.py,272,classmethod,real,False
2,method,ObservabilityConfig,is_run_comparison_enabled,src/observability/config.py,276,classmethod,real,False
2,method,ObservabilityConfig,is_insight_generation_enabled,src/observability/config.py,280,classmethod,real,False
2,method,ObservabilityConfig,is_warehouse_ingest_enabled,src/observability/config.py,284,classmethod,real,False
2,method,ObservabilityConfig,is_dashboard_export_enabled,src/observability/config.py,288,classmethod,real,True
2,method,DataCompletenessAuditor,audit_completeness,src/observability/mining/auditor.py,17,classmethod,real,True
2,method,DeterminismAuditor,audit_determinism,src/observability/mining/auditor.py,136,classmethod,real,True
2,method,MiningExperimentController,execute_experiment,src/observability/mining/controller.py,139,classmethod,real,False
2,method,EvidencePackBuilder,build_evidence_pack,src/observability/mining/evidence.py,17,classmethod,real,True
2,method,AIAgentInvestigationRunner,run_investigation,src/observability/mining/orchestrator.py,54,classmethod,real,True
2,method,EngineeringBacklogGenerator,generate_backlog,src/observability/mining/priority.py,46,classmethod,real,True
2,method,NextExperimentRecommender,recommend_next,src/observability/mining/recommender.py,62,classmethod,real,True
2,method,MiningReviewWorkflow,apply_review_label,src/observability/mining/workflow.py,17,classmethod,real,True
2,method,MiningQualityGate,evaluate_gate,src/observability/mining/workflow.py,87,classmethod,real,True
2,method,PhaseProfileScope,set_counter,src/observability/performance/profiler.py,69,,real,True
2,method,PhaseProfileScope,inc_counter,src/observability/performance/profiler.py,75,,real,True
2,method,PhaseProfiler,profile_phase,src/observability/performance/profiler.py,91,,real,True
2,method,BoundedObservabilityQueue,is_full,src/observability/queue.py,82,,real,False
2,method,CausalityChainReporter,generate_chain,src/observability/reporter.py,13,staticmethod,real,True
2,method,BalanceEnvelope,validate_non_empty,src/observability/reporting/balance_envelope.py,43,field_validator;classmethod,pydantic_validator,False
2,method,RunSetArtifactRepository,create_sweep,src/observability/reporting/run_set_repository.py,63,,real,True
2,method,ScenarioSweepConfig,parse_observability_mode,src/observability/sweeper.py,41,field_validator;classmethod,pydantic_validator,False
2,method,ScenarioBalanceSummary,findings_by_dimension,src/observability/understanding/balance/models.py,48,,real,True
2,method,DomainAnalyzer,_has_required_signals,src/observability/understanding/domain/base.py,127,,real,False
2,method,ScenarioExpectationPack,is_anomaly_acceptable,src/observability/understanding/expectations/models.py,93,,real,True
2,method,BaselineEvolutionPolicy,validate_for_promotion,src/observability/understanding/quality/baseline_evolution.py,39,,real,True
2,method,AnalyzerQualityReport,unreviewed_heavy_rules,src/observability/understanding/quality/models.py,74,,real,False
2,method,ReviewStore,get_by_finding,src/observability/understanding/review/store.py,49,,real,True
2,method,ReviewStore,update_label,src/observability/understanding/review/store.py,53,,real,True
2,method,ReviewStore,label_summary,src/observability/understanding/review/store.py,73,,real,True
2,method,WarehouseAdapterFactory,reset_adapter,src/observability/warehouse/factory.py,35,classmethod,real,False
2,method,WarehouseSchemaRegistry,validate_sweep,src/observability/warehouse/registry.py,38,classmethod,real,False
2,method,LongRunStabilityHarness,execute_run,src/perf/long_run_harness.py,125,,real,True
2,method,LongRunStabilityHarness,verify_determinism_parity,src/perf/long_run_harness.py,299,,real,True
2,method,PerfResult,from_bench_dict,src/perf/regression_gate.py,41,classmethod,real,True
2,method,DeterministicRNG,next_float,src/platform/rng.py,46,,real,True
2,method,DeterministicRNG,next_int,src/platform/rng.py,50,,real,True
2,method,SpatialHashV2,update_entity,src/platform/spatial_hash.py,21,,real,True
2,method,SpatialHashV2,remove_entity,src/platform/spatial_hash.py,36,,real,True
2,method,BreakthroughService,get_breakthrough,src/progression/breakthroughs.py,32,staticmethod,real,False
2,method,SkillScalingService,calculate_scaled_power,src/progression/skills.py,8,staticmethod,real,True
2,method,SkillScalingService,get_passive_bonus,src/progression/skills.py,36,staticmethod,real,False
2,method,VeterancyService,get_stat_multiplier,src/progression/veterancy.py,21,staticmethod,real,False
2,method,QuestService,mark_rewarded,src/quests/service.py,35,staticmethod,real,False
2,method,ContentSourceReport,total_catalog,src/runtime/bootstrap.py,54,property,real,True
2,method,ContentSourceReport,total_compat,src/runtime/bootstrap.py,58,property,real,True
2,method,ContentSourceReport,total_fallback,src/runtime/bootstrap.py,62,property,real,True
2,method,SimulationScenarioDefinition,validate_initial_condition_keys,src/scenarios/schema.py,75,model_validator,pydantic_validator,False
2,method,SimulationScenarioDefinition,validate_template_constraints,src/scenarios/schema.py,85,model_validator,pydantic_validator,False
2,method,QualityHub,update_entity_count,src/simulation_quality/quality_hub.py,209,,real,False
2,method,QualityHub,get_pillar_score,src/simulation_quality/quality_hub.py,213,,real,True
2,method,QualityHub,get_pillar_grade,src/simulation_quality/quality_hub.py,216,,real,True
2,method,ScoringWeights,_build_flat_index,src/simulation_quality/weights.py,30,model_validator,pydantic_validator,False
2,method,_HealthHandler,do_GET,src/simulation_quality/worker.py,21,,real,False
2,method,_HealthHandler,log_message,src/simulation_quality/worker.py,49,,real,True
2,method,LeadService,create_lead,src/strategy/leads.py,13,staticmethod,real,True
2,method,LeadService,evaluate_lead_outcome,src/strategy/leads.py,52,staticmethod,real,True
2,method,DynamicPriceService,calculate_sell_price,src/systems/economy_systems/economy.py,51,staticmethod,real,True
2,method,GeneticsSystem,apply_genetic_profile,src/systems/lifecycle_systems/genetics.py,54,staticmethod,real,True
2,method,SkillScalingSystem,compute_skill_power,src/systems/lifecycle_systems/genetics.py,142,staticmethod,real,True
2,method,SocialAppraisalSystem,recalibrate_source_trust,src/systems/social_systems/appraisal.py,452,staticmethod,real,True
2,method,SocialAppraisalSystem,update_familiarity,src/systems/social_systems/appraisal.py,482,staticmethod,real,True
2,method,SocialAppraisalSystem,calculate_recruitment_cost,src/systems/social_systems/appraisal.py,508,staticmethod,real,True
2,method,ContractService,create_loan_contract,src/systems/social_systems/contracts.py,87,staticmethod,real,True
2,method,ContractService,compute_betrayal_clan_reputation_update,src/systems/social_systems/contracts.py,264,staticmethod,real,True
2,method,GroupService,calculate_cohesion,src/systems/social_systems/group_service.py,11,staticmethod,real,True
2,method,GroupService,assign_role,src/systems/social_systems/group_service.py,35,staticmethod,real,False
2,method,SocialMemoryService,tick_place_attachment,src/systems/social_systems/memory.py,13,staticmethod,real,True
2,method,PartyCoordinationSystem,coordinate_party_objectives,src/systems/social_systems/party.py,84,staticmethod,real,False
2,method,PartyCoordinationSystem,issue_party_command,src/systems/social_systems/party.py,123,staticmethod,real,False
2,method,RelationshipService,prune_low_salience,src/systems/social_systems/relationships.py,137,staticmethod,real,True
2,method,ReputationService,get_impact,src/systems/social_systems/reputation.py,18,staticmethod,real,False
2,method,ReputationService,calculate_caution_modifier,src/systems/social_systems/reputation.py,22,staticmethod,real,False
2,method,BeliefCycleSystem,estimate_threat,src/systems/strategic_systems/belief.py,243,staticmethod,real,True
2,method,CognitionGraphExporter,is_deterministic,src/systems/strategic_systems/cognition_export.py,148,staticmethod,real,True
2,method,StrategicIntelligenceSystem,resolve_blockers,src/systems/strategic_systems/intelligence.py,654,staticmethod,real,True
2,method,StrategicIntelligenceSystem,evaluate_all_concerns,src/systems/strategic_systems/intelligence.py,817,staticmethod,real,True
2,method,StrategicIntelligenceSystem,evaluate_all_strategic_intents,src/systems/strategic_systems/intelligence.py,893,staticmethod,real,True
2,method,StrategicIntelligenceSystem,apply_routine_biasing,src/systems/strategic_systems/intelligence.py,949,staticmethod,real,False
2,method,StrategicIntelligenceSystem,process_project_outcome,src/systems/strategic_systems/intelligence.py,1102,staticmethod,real,True
2,method,EntityGenerator,spawn_calamity,src/systems/world_systems/generator.py,238,,real,False
2,method,NarrativeMemorySystem,record_turning_point,src/systems/world_systems/narrative.py,33,staticmethod,real,True
2,method,NarrativeMemorySystem,compute_utility_bias,src/systems/world_systems/narrative.py,58,staticmethod,real,True
2,method,NarrativeMemorySystem,has_trauma_with,src/systems/world_systems/narrative.py,83,staticmethod,real,True
2,method,QuestGenerator,generate_for_entity,src/systems/world_systems/quest_generator.py,13,staticmethod,real,False
2,method,QuestGenerationSystem,generate_from_scar,src/systems/world_systems/quests.py,51,staticmethod,real,True
2,method,QuestGenerationSystem,generate_from_blockers,src/systems/world_systems/quests.py,94,staticmethod,real,True
2,method,QuestGenerationSystem,quest_to_project,src/systems/world_systems/quests.py,132,staticmethod,real,True
2,method,RouteFamilyClassifier,detect_forbidden,src/testing/route_family_classifier.py,49,staticmethod,real,True
2,method,BuildingRegistry,get_services,src/town/buildings.py,31,staticmethod,real,True
2,method,HomeStorageAction,withdraw,src/town/home_storage.py,94,staticmethod,real,True
2,method,TownNavigation,is_in_town,src/town/town_navigation.py,32,staticmethod,real,True
2,method,DerivedViews,build_combat_readiness,src/views/readiness.py,23,staticmethod,real,True
2,method,DerivedViews,build_adventure_readiness,src/views/readiness.py,43,staticmethod,real,True
2,method,BossService,resolve_boss_death,src/world/boss.py,256,staticmethod,real,False
2,method,CampService,resolve_camp_clearing,src/world/camp.py,177,staticmethod,real,True
2,method,RegionalConsequenceService,create_battlefield_scar,src/world/consequences.py,58,staticmethod,real,False
2,method,RegionalConsequenceService,create_raid_scar,src/world/consequences.py,80,staticmethod,real,False
2,method,EnvironmentService,get_modifier_multipliers,src/world/environment.py,102,staticmethod,real,False
2,method,RegionalSovereigntyService,process_taxation,src/world/regional_sovereignty.py,24,staticmethod,real,False
2,method,RegionalSovereigntyService,apply_sovereignty_debuffs,src/world/regional_sovereignty.py,78,staticmethod,real,False
2,method,RegionService,find_region_at,src/world/regions.py,16,staticmethod,real,True
2,method,RegionService,get_difficulty_tier_at,src/world/regions.py,45,staticmethod,real,True
2,method,ThreatService,record_kill,src/world/threat.py,51,staticmethod,real,False
2,method,TransformationService,apply_transformation,src/world/transformation.py,75,staticmethod,real,True
2,method,CompileContext,set_provenance,src/worldassembly/context.py,58,,real,False
2,method,WorldCompositionSpec,normalize_modules_shorthand,src/worldassembly/schema.py,65,model_validator;classmethod,pydantic_validator,False
2,method,PopulationRecipeSpec,_validate_count,src/worldbuilding/recipe.py,94,model_validator,pydantic_validator,False
2,method,ResourceRecipeSpec,_validate_count,src/worldbuilding/recipe.py,113,model_validator,pydantic_validator,False
2,method,BuildingRecipeSpec,_validate_count,src/worldbuilding/recipe.py,129,model_validator,pydantic_validator,False
2,method,WorldRepository,save_world,src/worldbuilding/repository.py,152,,real,True
2,method,WorldRepository,resolve_asset_path,src/worldbuilding/repository.py,172,,real,True
2,method,TopologySpec,validate_coordinate_system,src/worldbuilding/schema.py,22,field_validator;classmethod,pydantic_validator,False
2,method,WorldSpec,_migrate_quests_field,src/worldbuilding/schema.py,300,model_validator;classmethod,pydantic_validator,False
2,method,WorldModuleRepository,list_modules_by_type,src/worldmodules/repository.py,66,,real,False
2,method,ModuleParameterSpec,validate_parameter_spec,src/worldmodules/schema.py,38,model_validator,pydantic_validator,False
2,method,WorldModuleSpec,register_module_type,src/worldmodules/schema.py,89,classmethod,real,True
2,method,WorldModuleSpec,validate_module_type,src/worldmodules/schema.py,94,field_validator;classmethod,pydantic_validator,False
