timestamp,ticket_id,title,status,summary,artifacts_path
2026-03-21T12:56:34Z,enhance-01,Enrich Event Information,DONE,Implemented Domain EventBus + Dataclass Telemetry,stored_artifacts/enhance-01/
2026-03-31T23:45:00Z,TCK-20260330-AOA-COMPOSITION-COMPLETED,Baseline Architectural Foundation,DONE,Consolidated and finalized the AOA Aspect composition and Mind-state decomposition.,stored_artifacts/TCK-20260330-AOA-COMPOSITION-COMPLETED/
2026-04-02T14:55:00Z,TCK-20260401-ACTION-CONVERGENCE,Unify Action Application Pipeline,DONE,Unified resolver/action system/replay via authoritative update-driven pipeline.,stored_artifacts/TCK-20260401-ACTION-CONVERGENCE/
2026-04-02T14:55:00Z,TCK-20260401-TEST-STABILIZATION,Architecture Locking & Determinism Tests,DONE,Implemented AOA integrity locks and deterministic convergence test suite.,stored_artifacts/TCK-20260401-TEST-STABILIZATION/
2026-04-02T14:55:00Z,TCK-20260401-INTROSPECTION-LAYER,Rendering & Explainability Endpoints,DONE,Finalized rich introspection services (Combat Traces, Stat Breakdown
2026-04-02T14:55:00Z,TCK-20260401-HARDENING-PERF,Infrastructure Safety & Performance Optimization,DONE,Implemented recursive freeze guards and StaticData payload caching.,stored_artifacts/TCK-20260401-HARDENING-PERF/
2026-04-06T15:00:00Z,TCK-20260406-RPG-CORE-STABILIZE,RPG Core Stabilization & AOA Hardening,DONE,Enforced Phase contracts, implemented authoritative building sabotage
2026-03-21T07:10:00Z,epic-17-multi-hero,Phase 1: Multi-Hero & Escalating Death,DONE,Extracted and tested Hero Lifecycle System supporting 4 heroes and permadeath,stored_artifacts/epic-17-multi-hero/
2026-03-21T14:48:00Z,epic-17-phase-2,World Evolutions,DONE,Implemented global day scaling scalar formulas & orchestrated Raids/Reinforcements inside CalamitySystem,stored_artifacts/epic-17-phase-2/
2026-03-22T05:40:00Z,TCK-20260322-PERF_OPT,Optimize Engine Performance,DONE,Restored TPS to >10 and reduced CPU usage by 75%. Optimized Entity.copy and Grid serialization.,stored_artifacts/TCK-20260322-PERF_OPT/
2026-03-22T06:00:00Z,TCK-20260322-BWS_PROTO,Binary WebSocket Protocol,DONE,Implemented MessagePack over WebSockets with 95.3% payload reduction. Added GZip middleware.,stored_artifacts/TCK-20260322-BWS_PROTO/
2026-03-22T21:23:00Z,TCK-20260322-INDIVIDUAL_SPIRIT,The Individual Spirit (AI Personality),DONE,Implemented persistent grudges (Nemesis), mood-driven behavior
2026-03-22T22:38:46Z,TCK-20260322-GRAND_STRATEGY,Grand Strategy implementation,DONE,Implemented StrategySystem with influence/war/siege mechanics,stored_artifacts/TCK-20260322-GRAND_STRATEGY/
2026-03-24T17:58:00Z,TCK-20260324-DEBUG_TESTS,Stabilize WorldLoop Test Suite,DONE,100% Unit Test Pass (584/584). Implemented Dynamic Port Isolation & Robust Loki Ingestion infrastructure.,stored_artifacts/TCK-20260324-DEBUG_TESTS/
2026-03-25T00:10:00Z,TCK-20260325-FINAL_E2E_SMOKE,Final E2E Test Stabilization,DONE,Achieved 10/10 E2E pass rate with hybrid Loki audit filtering.,stored_artifacts/TCK-20260325-FINAL_E2E_SMOKE/
2026-03-26T00:05:00Z,TCK-20260325-RPG_DEPTH,RPG Depth & Stabilization,DONE,Implemented CHA/LUCK/PER depth and stabilized combat regressions.,stored_artifacts/TCK-20260325-RPG_DEPTH/
2026-03-26T01:12:00Z,TCK-20260326-HYSTERESIS,Goal Hysteresis & Anti-Oscillation,DONE,3-layer anti-oscillation: Goal Lock + Cooldown Penalty + Flee Deadband. 669/669 tests pass.,stored_artifacts/TCK-20260326-HYSTERESIS/
2026-03-26T12:30:00Z,TCK-20260326-NARRATIVE,Narrative Memory (Soul Pillar),DONE,Implemented SURVIVAL/DISCOVERY events and MemoryModifier goal biasing. 683/683 tests pass.,stored_artifacts/TCK-20260326-NARRATIVE/
2026-03-27T10:30:00Z,TCK-20260327-WINDBIGMOD,Models and Navigation Refactor,DONE,Extracted StatsProxy and implemented Bilinear Flow Fields,stored_artifacts/TCK-20260327-WINDBIGMOD/
2026-03-27T13:30:00Z,TCK-20260327-AIREF,Stabilize AI Three Pillars,DONE,Achieved 100% pass rate in AI Refinement E2E suite,stored_artifacts/TCK-20260327-AIREF/
2026-03-28T05:37:43Z,TCK-20260328,Simulation Backend Modularization,DONE,Extracted Telemetry and World Evolution subsystems + cleaned up StatsProxy,stored_artifacts/TCK-20260328/
2026-03-28T08:06:50Z,TCK-20260328,Stabilize Combat Simulation Backend,DONE,Fixed AOE hit registration, target ID persistence
2026-03-28T12:18:00Z,TCK-20260322-RPG_REFINEMENT,RPG Core Refinement,DONE,Implemented 4 Pillars (Soul/Body/Action/Social) and verified 749 tests passed.,stored_artifacts/TCK-20260322-RPG_REFINEMENT/
2026-04-02T12:25:00Z,TCK-20260401-FINAL-NON-PARTIAL-TASKS,Address FINAL-NON-PARTIAL-TASKS,DONE,Purged intent_metadata shims, enforced Mind typing
2026-04-02T12:54:00Z,TCK-20260401-FINAL-CONVERGENCE,Final Convergence and Stabilization,DONE,Unified action application pipeline, finalized API presenter migration
2026-04-02T14:26:00Z,TCK-20260401-FINAL-CONVERGENCE,AOA Introspection Hardening,DONE,Hardened Mind/Combat introspection with typed records and resolved circular imports.,stored_artifacts/TCK-20260401-FINAL-CONVERGENCE/
2026-04-02T14:34:00Z,TCK-20260401-FINAL-CONVERGENCE,API Presenter Convergence,DONE,Unified REST and WebSocket presentation layers and purged legacy encoder.,stored_artifacts/TCK-20260401-FINAL-CONVERGENCE/
2026-04-02T14:40:00Z,TCK-20260401-FINAL-ENFORCEMENT,Phase-Boundary Enforcement,DONE,Implemented recursive freeze guards and ActionProposalGuard context manager.,stored_artifacts/TCK-20260401-FINAL-ENFORCEMENT/
2026-04-06T22:15:00Z,TCK-20260406-AOA-CANONICALIZE-STREAM,Canonicalization & Stream Isolation,DONE,Moved map-delta and payload generation into engine PersistencePhase; decoupled API transport logic.,stored_artifacts/TCK-20260406-AOA-CANONICALIZE-STREAM/
2026-04-02T14:52:00Z,TCK-20260402-CONV,AOA Action Convergence,DONE,Unified action application and resolved duplicate item bug,stored_artifacts/TCK-20260402-CONV/
2026-04-02T17:45:00Z,TCK-20260402-HARDENING,AOA Architectural Hardening,DONE,Hardened Pydantic boundaries for Building/Grid and unified worker serialization.,stored_artifacts/TCK-20260402-HARDENING/
2026-04-03T02:25:00Z,TCK-20260403-PHASE-DECOMP,WorldLoop Phase Decomposition & Typed Records,DONE,Separated Finalization/Persistence phases and implemented structured IntentUpdate records.,stored_artifacts/TCK-20260403-PHASE-DECOMP/
2026-04-03T04:00:00Z,TCK-20260403-RECOVERY,AOA Test Recovery & Stabilization,DONE,Resolving 26 integration test failures across lifecycle, invariants
2026-04-03T15:19:17Z,TCK-20260403-FINAL-CONVERGENCE,Final Architectural Stability & Convergence,DONE,Implemented architectural pivot (sharing combat models) to break circular dependencies + deeper immutability + typed action records.,stored_artifacts/TCK-20260403-FINAL-CONVERGENCE/
2026-04-04T18:08:26Z,TCK-20260404-STABILIZATION,Final AOA Combat and AI Stabilization,DONE,Achieved 100% pass rate in E2E and API suites by resolving logic regressions and Pydantic freezing issues.,stored_artifacts/TCK-20260404-STABILIZATION/
2026-04-05T04:29:00Z,TCK-20260405-CONVERGENCE,Full-Suite Stability and Convergence,DONE,Achieved 100% pass rate (1,227/1
2026-04-05T04:30:00Z,TCK-20260330-CORE-STABILIZATION,AOA Hardening & Simulation Purity,DONE,Refactored Entity to typed aspects and purged legacy shims. 100% test pass.,stored_artifacts/TCK-20260330-CORE-STABILIZATION/
2026-04-05T04:30:10Z,TCK-20260402-VALIDATION,Post-Hardening Validation & Performance Benchmarking,DONE,Verified deterministic integrity and performance (0.7 TPS at 500 scale).,stored_artifacts/TCK-20260402-VALIDATION/
2026-04-05T04:30:20Z,TCK-20260327-WINDBIGMOD-CLEANUP,Architectural Stat Logic Refactor (BigMod),DONE,Removed all effective_* legacy shims and StatsProxy pattern.,stored_artifacts/TCK-20260327-WINDBIGMOD-CLEANUP/
2026-04-05T06:38:00Z,TCK-20260405-SKILL-SCALING,Aspect-Oriented Skill Scaling Unification,DONE,Unified skill damage resolution and deterministic RNG passing,stored_artifacts/TCK-20260405-SKILL-SCALING/
2026-04-05T11:59:03Z,TCK-20260405-TEST-RECOVERY,AOA Combat Test Recovery,DONE,Restored AI brain stabilization and corrected shatter effect synchronization,stored_artifacts/TCK-20260405-TEST-RECOVERY/
2026-04-05T16:10:00Z,TCK-20260405-B,Final AOA Test Stabilization,DONE,Fixed RabbitMQ batching and AI mock TypeErrors,stored_artifacts/TCK-20260405-B/
2026-04-05T16:39:00Z,TCK-20260405-LOGFIX,Fix E2E Logging Timeouts,DONE,Disabled Kafka and added CLI grid scaling to resolve timeouts in test_logging_structure.py.,stored_artifacts/TCK-20260405-LOGFIX/
2026-04-05T16:54:00Z,TCK-20260405-DOCS,Comprehensive Documentation Update (AOA Pivot),DONE,Restructured docs/ into domain-driven modular guides (architecture, entities
2026-04-05T17:16:00Z,enhance-03,Extend Simulation Maximum Tick to 50000,DONE,Extended the default simulation maximum tick limit to 50000 in config.py.,tickets/done/enhance-03-extend-max-tick-limit.md
2026-04-05T17:16:00Z,enhance-04,Mob Roaming Leash Distance,DONE,Implemented home-based leashing and return-home logic for mobs.,tickets/done/enhance-04-mob-roaming-leash.md
2026-04-05T17:16:00Z,design-02,Revise Ticking Mechanism,DONE,Implemented variable subsystem tick rates for core/env/economy systems.,tickets/done/design-02-revise-ticking-mechanism.md
2026-04-05T17:16:00Z,design-03,Data-Driven Content Registries,DONE,Externalized item/class/skill definitions into JSON via registry_loader.py.,tickets/done/design-03-data-driven-registries.md
2026-04-04T12:00:00Z,infra-06,Hardening and Chaos Testing,DONE,Implemented Chaos Mode fault injection and invariant property-based testing.,stored_artifacts/infra_06/
2026-04-01T10:00:00Z,TCK-20260401-AOA-STABILIZE,AOA Integrity & Performance,DONE,Implemented recursive freeze guards and StaticData payload caching.,stored_artifacts/TCK-20260401-AOA-STABILIZE/
2026-04-06T11:28:29Z,TCK-20260405-PROD-STACK-STABILIZE,E2E Production Stack Stabilization,DONE,Restored full production test suite; fixed ActionSystem and EventPresenter regressions,stored_artifacts/TCK-20260405-PROD-STACK-STABILIZE/
2026-04-06T16:22:30Z,TCK-20260406-PHASE0,Archetype & Ownership Phase 0,DONE,Locked foundational constraints/vocabulary and consolidated identity/mind state.,stored_artifacts/TCK-20260406-PHASE0/
2026-04-07T01:45:00Z,TCK-20260407-PHASE0-CONTINUE,Phase 0 Foundations Alignment,DONE,Aligned IdentityAspect, MindAspect
2026-04-07T02:00:00Z,TCK-20260407-PHASE1-PERSONALITY,Phase 1: Personality & Relationships,DONE,Implemented OCEAN traits, Motive Appraisal pipeline
2026-04-07T12:59:46Z,TCK-20260407-PH0-FIX,Corrective Alignment & Misdirection Fix,DONE,Implemented authoritative memory salience and curated inspector lens,stored_artifacts/TCK-20260407-PH0-FIX
2026-04-08T09:03:00Z,TCK-20260407-PHASE1-DS,Phase 1: Behavioral Realism Implementation,DONE,Implemented personality traits motives and belief-based perception; stabilized AOA perception pipeline.,stored_artifacts/TCK-20260407-PHASE1-DS/
2026-04-08T02:50:29Z,TCK-20260408-PHASE2-DS,Phase 2 Design Shift — Social Meaning,DONE,Implemented Turning Points Reputation Relationships and Gossip pipeline,stored_artifacts/TCK-20260408-PHASE2-DS/
2026-04-08T04:35:00Z,TCK-20260408-PH2-STG3-ROUTINE,Phase 2 Stage 3: Routine and Biological Needs,DONE,Implemented authoritative biological decay forced sleep and update-driven Eat/Sleep actions.,stored_artifacts/TCK-20260408-PH2-STG3-ROUTINE/
2026-04-08T05:00:00Z,TCK-20260408-PH2-STG4-SOCIAL,Phase 2 Stage 4: Social Convergence & Causal Analysis,DONE,Implemented gossip propagation knowledge merging and narrative explanation correlation.,stored_artifacts/TCK-20260408-PH2-STG4-SOCIAL/
2026-04-08T12:01:00Z,TCK-20260408-PH1-2-DS-REMEDIATION,Behavioral Realism Remediation,DONE,Remediated Ph1-2 Design Shift issues (Reputation Unification, Serialization
2026-04-09T01:10:00Z,TCK-20260408-PH3-PASS3-BEHAVIOR,Phase 3: Behavioral Integration,DONE,Implemented role-based AI biases group coordinated consensus and combat disruption. Verified with 21 tests.,stored_artifacts/TCK-20260408-PH3-PASS3-BEHAVIOR/
2026-04-09T11:00:00Z,TCK-20260409-PH4-STG1-CORE-MODELS,Phase 4: Core Continuity & Consequence Models,DONE,Implemented Successor/Household/Scar models and regional registries.,stored_artifacts/TCK-20260409-PH4-STG1-CORE-MODELS/
2026-04-09T11:15:00Z,TCK-20260409-PH4-STG2-SUCCESSION-LOGIC,Phase 4: Succession Logic & Hero Inheritance,DONE,Implemented authoritative heir designation and motive transfer. Integrated with HeroLifecycleSystem.,stored_artifacts/TCK-20260409-PH4-STG2-SUCCESSION-LOGIC/
2026-04-09T11:17:00Z,TCK-20260409-PH4-STG5-API-INSPECTION,Phase 4: API Continuity & Modular Documentation,DONE,Extended EntitySchema and Presenters for generational inspection; updated docs for regional consequences and inheritance.,stored_artifacts/TCK-20260409-PH4-STG5-API-INSPECTION/
2026-04-09T16:00:00Z,TCK-20260410-PH1-STG1-CORE-MODELS,Phase 1 Stage 1: Strategic Domain Schema,DONE,Defined core strategic unit models with lifecycle metadata.,stored_artifacts/TCK-20260410-PH1-STG1-CORE-MODELS/
2026-04-09T16:10:00Z,TCK-20260410-PH1-STG2-ASPECT-INTEGRATION,Phase 1 Stage 2: Aspect Integration,DONE,Integrated StrategicState as a first-class MindAspect domain.,stored_artifacts/TCK-20260410-PH1-STG2-ASPECT-INTEGRATION/
2026-04-09T16:20:00Z,TCK-20260410-PH1-STG3-AUTHORITATIVE-APPLICATION,Phase 1 Stage 3: Authoritative Application,DONE,Implemented deterministic strategic update pipeline in ActionSystem.,stored_artifacts/TCK-20260410-PH1-STG3-AUTHORITATIVE-APPLICATION/
2026-04-09T16:30:00Z,TCK-20260410-PH1-STG4-SNAPSHOT-SAFETY,Phase 1 Stage 4: Snapshot & Safety,DONE,Verified immutability and serialization safety for strategic records.,stored_artifacts/TCK-20260410-PH1-STG4-SNAPSHOT-SAFETY/
2026-04-09T16:40:00Z,TCK-20260410-PH1-STG5-BOOTSTRAPPING,Phase 1 Stage 5: Bootstrapping,DONE,Seeded initial directives based on entity archetype and role.,stored_artifacts/TCK-20260410-PH1-STG5-BOOTSTRAPPING/
2026-04-09T16:50:00Z,TCK-20260410-PH1-STG6-VISIBILITY-TESTING,Phase 1 Stage 6: Visibility & Testing,DONE,Implemented CLI inspection and established foundational regression tests.,stored_artifacts/TCK-20260410-PH1-STG6-VISIBILITY-TESTING/
2026-04-09T16:55:00Z,TCK-20260410-PH1-STG7-STRATEGIC-APPRAISAL,Phase 1 Stage 7: Strategic Appraisal,DONE,Implemented project selection logic and intent-driven tactical goal biasing.,stored_artifacts/TCK-20260410-PH1-STG7-STRATEGIC-APPRAISAL/
2026-04-11T00:23:00Z,TCK-20260411-SOCIAL-CONTRACTS,Social Contract System Stabilization (Phase 3 Improvement),DONE,Implemented recruitment negotiation loops authoritative contract consequences and role-aware tactical coordination. Verified with 100% test pass.,stored_artifacts/TCK-20260411-SOCIAL-CONTRACTS/
2026-04-10T08:10:00Z,TCK-20260410-PH1-STG15-REPRIORITIZATION,Strategic Reprioritization,DONE,Integrated regional danger and scars into AI project selection with hysteresis-based pivoting.,stored_artifacts/TCK-20260410-PH1-STG15-REPRIORITIZATION/
2026-04-09T17:01:18Z,TCK-20260410-PH1-STG8-STRATEGIC-KNOWLEDGE,Phase 1 Stage 8: Strategic Knowledge & Blockers,DONE,Finalized tactical investigation states and strategic detours. Verified with end-to-end tests.,stored_artifacts/TCK-20260410-PH1-STG8-STRATEGIC-KNOWLEDGE/
2026-04-10T01:00:00Z,TCK-20260409-PH1-STG13-14,Succession and Consequences logic,DONE,Implemented motive/wealth transfer and world scars,stored_artifacts/TCK-20260409-PH1-STG13-14/
2026-04-09T17:40:00Z,TCK-20260410-PH1-STG-AUDIT,Phase 1 Stage Audit & Reconciliation,DONE,Synchronized all Strategic Design Shift work under a single flattened sequence. Verified snapshot safety.,stored_artifacts/TCK-20260410-PH1-STG-AUDIT/
2026-04-09T15:30:00Z,TCK-20260409-PH1-STG1-STRATEGIC-STATE,Phase 1 Stage 1: Strategic State Foundation,DONE,Established the core StrategicState models and MindAspect integration.,stored_artifacts/TCK-20260409-PH1-STG1-STRATEGIC-STATE/
2026-04-10T07:56:00Z,TCK-20260410-PHASE-2-ALIGNMENT,Phase 2 Strategic Verification and Alignment,DONE,Refactored strategic cognition engine, standardized stage markers
2026-04-10T08:44:00Z,TCK-20260410-PH3-STRATEGIC-KNOWLEDGE,Phase 3: Strategic Knowledge Leads and Blockers,DONE,Implemented structural uncertainty via leads candidate zones and typed blockers with detour spawning. Verified with integration tests.,stored_artifacts/TCK-20260410-PH3-STRATEGIC-KNOWLEDGE/
2026-04-10T12:22:00Z,TCK-20260410-PH4-SOCIAL-CONTRACTS,Phase 4: Social Contract and Party Formation,DONE,Implemented negotiated recruitment, authoritative party formation
2026-04-10T12:41:00Z,TCK-20260410-PH5-STRATEGIC-CONSEQUENCES,Phase 5: Event-Driven Reprioritization and Durable Consequences,DONE,Implemented StrategicConsequenceService for translating life events/scars into strategic state and directive mutations. Verified with integration tests.,stored_artifacts/TCK-20260410-PH5-STRATEGIC-CONSEQUENCES/
2026-04-10,TCK-20260410-PH6-ENGINE-INTEGRATION,DONE,Finalized Phase 6: Engine Integration and Observability. Integration tests passing.,,
2026-04-10T15:03:00Z,TCK-20260410-STRAT-REFACTOR,Improvement Phase 1: Strategic Consistency,DONE,Reconciled StrategicUpdate schema, eliminated live-mutation exceptions in services
2026-04-11T00:11:53Z,TCK-20260410-BUILDING-UNIFICATION,Strategic Knowledge Unification (Building Handlers),DONE,Standardized town handlers to use strategic stratum and hardened detour matching logic. All building visit decisions now flow through directed strategic records. Verified zero legacy goal strings in AI state handlers.,stored_artifacts/TCK-20260410-BUILDING-UNIFICATION/
2026-04-11T00:30:00Z,TCK-20260411-PH4-STRAT-STABILIZATION,Phase 4 Strategic Pipeline Stabilization & Observability,DONE,Stabilized the strategic consequence pipeline and verified project pivoting and observability.,tickets/done/TCK-20260411-PH4-STRAT-STABILIZATION.md
2026-04-11T12:00:00Z,TCK-20260411-AI-FIX-SYNTAX-ERROR,Fix AI Syntax Error,DONE,Fixed syntax error and missing mocks in test_stuck.py,stored_artifacts/TCK-20260411-AI-FIX-SYNTAX-ERROR/
2026-04-12T01:50:00Z,TCK-20260412-REGRESSION-FIX,Simulation Regression Stabilization,DONE,Resolved 9 critical failures across unit and E2E suites including performance scaling and combat jitter.,stored_artifacts/TCK-20260412-REGRESSION-FIX/
2026-04-11T23:59:00Z,TCK-20260411-AI-STABILIZATION,Stabilizing Combat AI Decision Loop,DONE,Resolved 9 regression failures involving pathfinding and goal logic; verified 100% test pass.,stored_artifacts/TCK-20260411-AI-STABILIZATION/
2026-04-12T10:07:00Z,TCK-20260412-STRAT-GRAPH-EXPORT,Implement Exportable Entity Cognition Graph (Milestone 6),DONE,Implemented deterministic cognition graph exporter with Cytoscape adapter and regression integration.,stored_artifacts/TCK-20260412-STRAT-GRAPH-EXPORT/
2026-04-12T13:30:00Z,TCK-20260412-STRATEGY-IMPLEMENTATION,Strategic Cognition Layer (Milestones 0-7),DONE,Implemented and verified the full strategic mind stratum including project continuity and cognition graph export. 100% stability achieved.,stored_artifacts/TCK-20260412-STRATEGY-IMPLEMENTATION/
2026-04-13T00:22:00Z,TCK-20260413-INFRA-LOG-ROTATION,Automated HeadlessRunner Log Rotation,DONE,Implemented chronological artifact pruning in HeadlessRunner to maintain lean logs/ directory. Verified 100% pass rate.,stored_artifacts/TCK-20260413-INFRA-LOG-ROTATION/
2026-04-13T13:20:00Z,TCK-20260413-STRAT-STRUCTURAL-SECURITY,Strategic Engine Hardening,DONE,Remediated structural weaknesses in snapshot isolation and update merging. Verified with 28 tests.,stored_artifacts/TCK-20260413-STRAT-STRUCTURAL-SECURITY/
2026-04-13T13:40:00Z,TCK-20260413-STRAT-REPLAY-DETERMINISM,Strategic Replay & Graph Hardening,DONE,Finalized byte-identical replay and causal cognition graph links. Verified with determinism suite.,stored_artifacts/TCK-20260413-STRAT-REPLAY-DETERMINISM/
2026-04-13T13:44:00Z,TCK-20260413-STRAT-DEPTH-VISIBILITY,Strategic Depth & Observability Hardening,DONE,Expanded cognition graph with narrative elements and verified history-sensitive reprioritization. Fixed Python 3.13 pickling error.,stored_artifacts/TCK-20260413-STRAT-DEPTH-VISIBILITY/
2026-04-14T06:24:44Z,TCK-20260413-INTEL-CAPACITY-IMPLEMENTATION,Intel Capacity Engine (Bounded Cognition),DONE,Implemented 8-phase bounded-intelligence engine with deterministic profile derivation strategic appraisal pressure social/uncertainty limits and full API/CLI/Graph observability. Verified with 100% test pass rate.,stored_artifacts/TCK-20260413-INTEL-CAPACITY-IMPLEMENTATION/
2026-04-14T13:10:00Z,TCK-20260414-STRAT-HARDENING,Strategic Cognition Pipeline Hardening,DONE,Implemented stress-aware cognition derivation cognitive overload observability and infrastructure isolation resilience. Verified with 100% test pass.,stored_artifacts/TCK-20260414-STRAT-HARDENING/
2026-04-14T13:10:00Z,TCK-20260414-COGNITION-EXPLAINABILITY-HARDENING,Strategic Cognition Hardening,DONE,Hardened strategic cognition pipeline with strict bounding and transparent observability metrics.,stored_artifacts/TCK-20260414-COGNITION-EXPLAINABILITY-HARDENING/
2026-04-15T10:00:00Z,TCK-20260415-PIPELINE-IDEMPOTENCY,Strategic Pipeline Idempotency Hardening,DONE,Removed broken ContractOutcomeService call; added transition-guarded metrics; verified with 12 tests.,stored_artifacts/TCK-20260415-PIPELINE-IDEMPOTENCY/
2026-04-15T10:55:00Z,TCK-20260415-CORRECTIVE-PLANS,Strategic Cognition Pipeline Hardening,DONE,Implemented directive promotion; synced replay/graph parity; added doc integrity tests.,stored_artifacts/TCK-20260415-CORRECTIVE-PLANS/
2026-04-15T16:30:00Z,TCK-20260415-HARDENING-FINALIZE,Strategic Cognition Hardening (Final),DONE,Stabilized the full regression suite (308 tests). Hardened directive mutation history thresholds and implemented same-tick biological concern appraisal.,stored_artifacts/TCK-20260415-HARDENING-FINALIZE/
2026-04-15T16:47:00Z,TCK-20260415-WS-CLEANUP,Workspace Cleanup,DONE,Removed Python/Pytest caches and Next.js build artifacts while preserving tmp/. ,stored_artifacts/TCK-20260415-WS-CLEANUP/
2026-04-18T03:35:49Z,TCK-20260418-TEST-STABILITY-HARDENING,Test Stability and Coverage Restoration,DONE,Implemented wall-clock watchdog (SIGKILL) + fixed registry loader alignment + restored 71 missing test cases.,stored_artifacts/TCK-20260418-TEST-STABILITY-HARDENING/
2026-04-17T12:00:00Z,TCK-20260417-ARENA-PERF-HARDENING,Arena Simulation Performance Hardening,DONE,Implemented universal shallow-snapshot and hardened WorkerPool resource cleanup. Established pytest memory hooks.,stored_artifacts/TCK-20260417-ARENA-PERF-HARDENING/
2026-04-17T15:00:00Z,TCK-20260417-COMBAT-MOVEMENT-FINALIZE,Combat and Movement Overhaul Finalization,DONE,Finalized Milestone 7 (Observability & Rollout Hardening) and consolidated overhaul documentation pack.,stored_artifacts/TCK-20260417-COMBAT-MOVEMENT-FINALIZE/
2026-04-17T18:00:00Z,TCK-20260417-COMBAT-MOVEMENT-RULEBOOK,Combat and Movement Rulebook Implementation,DONE,Implemented LegalityService and decoupled world-time from entity action turns in the engine loop.,stored_artifacts/TCK-20260417-COMBAT-MOVEMENT-RULEBOOK/
2026-04-18T05:00:00Z,TCK-20260418-TEST-STABILITY-HARDENING,Test Stability and Coverage Restoration,DONE,Implemented real-time wall-clock watchdog and fixed registry loader alignment. Restored 71+ tests.,stored_artifacts/TCK-20260418-TEST-STABILITY-HARDENING/
2026-04-18T06:00:00Z,TCK-20260418-CORE-RULEBOOK-HARDENING,Harden Authoritative Rulebook and Quiet-Tick Lifecycle Contract,DONE,Consolidated legality logic into LegalityService and implemented drift guards.,stored_artifacts/TCK-20260418-CORE-RULEBOOK-HARDENING/
2026-04-18T07:00:00Z,TCK-20260418-MOV-CONGESTION,Milestone 3: Congestion & Advanced Anti-Oscillation,DONE,Implemented rhythmic oscillation detection and coordinated yielding.,stored_artifacts/TCK-20260418-MOV-CONGESTION/
2026-04-18T08:00:00Z,TCK-20260418-COMBAT-MOVEMENT-CORRECTION,Implement Combat and Movement Overhaul Corrective Update,DONE,Completed all 7 milestones including structured reasoning and rejection auditing.,stored_artifacts/TCK-20260418-COMBAT-MOVEMENT-CORRECTION/
2026-04-18T11:40:00Z,TCK-20260418-STRAT-LEARNING-REGRESSION,Resolve Strategic Learning Regression,DONE,Hardened StrategicState.apply_update and consolidated updates in NavigationHandler to prevent persistence loss.,stored_artifacts/TCK-20260418-STRAT-LEARNING-REGRESSION/
2026-04-18T13:58:00Z,TCK-20260418-RESOURCE-KERNEL-M1,Milestone 1: Simulation Kernel Contract and Resource-Envelope Rulebook,DONE,Established foundational laws contracts and skeletal engine structure for src_v2.,stored_artifacts/TCK-20260418-RESOURCE-KERNEL-M1/
2026-04-18T14:10:00Z,TCK-20260418-RESOURCE-KERNEL-M2,Milestone 2: Minimal Deterministic Single-Thread Kernel,DONE,Implemented minimal runnable kernel with generation-based apply path and provable bit-identical determinism.,stored_artifacts/TCK-20260418-RESOURCE-KERNEL-M2/
2026-04-18T14:20:00Z,TCK-20260418-RESOURCE-KERNEL-M3,Milestone 3: Bounded Runtime State and Lean Hot-Path Models,DONE,Implemented structural model separation and enforced bounded retention on all long-lived containers.,stored_artifacts/TCK-20260418-RESOURCE-KERNEL-M3/
2026-04-18T14:30:00Z,TCK-20260418-RESOURCE-KERNEL-M4,Milestone 4: Deterministic Scheduler and Work Model,DONE,Implemented deterministic bucketized scheduler with authoritative debt and periodic state tracking.,stored_artifacts/TCK-20260418-RESOURCE-KERNEL-M4/
2026-04-18,TCK-20260418-RESOURCE-KERNEL-M5,Milestone 5: Resource Governor,DONE
2026-04-18,TCK-20260418-RESOURCE-PERSISTENCE-M6,Milestone 6: Streaming Replay,DONE
2026-04-18,TCK-20260418-RESOURCE-OBSERVABILITY-M7,Milestone 7: Observability and Operational Controls,DONE
2026-04-18T15:45:00Z,TCK-20260418-RESOURCE-CONCURRENCY-M8,Safe Concurrency and Bounded Worker Execution,DONE,Implemented WorkerPool with explicit queue bounds and deterministic local fallback.,stored_artifacts/TCK-20260418-RESOURCE-ENGINE-FINALIZE/
2026-04-18T15:46:00Z,TCK-20260418-RESOURCE-CERTIFICATION-M9,Resource Certification and Resilience Harness,DONE,Built certification metrics harness and verified safe degradation under debt pressure.,stored_artifacts/TCK-20260418-RESOURCE-ENGINE-FINALIZE/
2026-04-18T15:47:00Z,TCK-20260418-RESOURCE-STABILIZATION-M10,Documentation Pack and Engineering Playbook,DONE,Finalized 10-milestone audit and established automated documentation integrity gates.,stored_artifacts/TCK-20260418-RESOURCE-ENGINE-FINALIZE/
2026-04-18T15:50:00Z,,Project Documentation Alignment (v2),DONE,Overhauled high-level docs to align with the Resource-Safe Engine architecture.,stored_artifacts/TCK-20260418-RESOURCE-ENGINE-FINALIZE/
2026-04-19,TCK-20260419-MILESTONE-A-CORE-RUNTIME,DONE,Core runtime hardened to 6-phase contract and canonical hashing.
2026-04-19T12:22:00Z,TCK-20260419-MILESTONE-E-PROOF-SYSTEM,Final Certification Proof and Production Readiness Gate,DONE,Implemented Honest Reporting Quadrant and production readiness gate (M11 Certification),stored_artifacts/TCK-20260419-MILESTONE-E-PROOF-SYSTEM/
2026-04-19T09:40:10Z,TCK-20260419-V2-CONSOLIDATION-FINAL-HARDENING,Final signal disaggregation and trending hardened. V2 Engine closed at 100% truthfulness.
2026-04-19,TCK-20260419-MA-TASK1-FREEZE-LAW,Freeze Milestone A runtime law set,DONE
2026-04-19,TCK-20260419-MA-TASK2-AUDIT-MUTATION,Audit and close mutation paths,DONE
2026-04-19,TCK-20260419-MA-TASK3-PIN-SCHEDULER,Pin deterministic scheduler classes,DONE
2026-04-19,TCK-20260419-MA-TASK4-HARDEN-HASHING,Audit and harden canonical hashing,DONE
2026-04-19,TCK-20260419-MA-TASK5-FINAL-CLOSURE,Complete Milestone A closure gating,DONE
2026-04-19,TCK-20260419-MB-TASK1-FREEZE-LAW,Freeze Milestone B runtime law set,DONE
2026-04-19,TCK-20260419-MB-TASK2-REAL-SIGNALS,Replace Weak Signals with Real Accounting,DONE
2026-04-19,TCK-20260419-MB-TASK3-GOVERNOR-HARDENING,Harden Governor Transitions,DONE
2026-04-19,TCK-20260419-MB-TASK4-ADAPTIVE-POOL,Implement Adaptive Saturated-Pool,DONE
2026-04-19,TCK-20260419-MB-TASK5-FINAL-VALIDATION,DONE,Finalized Milestone B hardening and operational gate validation. All laws verified.
2026-04-19,TCK-20260419-MC-TASK1-FREEZE-LIFECYCLE-LAW,Freeze Milestone C runtime law set,DONE,Formalized the operational lifecycle contract (MC) and aligned manifest terminology.,stored_artifacts/D145C3D0-MILESTONE-C/
2026-04-19,TCK-20260419-MC-TASK2-HARDEN-REPLAY-STAGING,Harden Replay Staging and Rotation,DONE,Verified bounded buffer capacity and saturation-based chunk rotation.,stored_artifacts/D145C3D0-MILESTONE-C/
2026-04-19,TCK-20260419-MC-TASK3-CORE-STARTUP-VALIDATION,Complete Startup Validation and Flag Enforcement,DONE,Implemented contradictory flag rejection and forbidden override guards.,stored_artifacts/D145C3D0-MILESTONE-C/
2026-04-19,TCK-20260419-MC-TASK4-SHUTDOWN-TIMEOUT-HARDENING,Implement Shutdown Timeout and Manifest Integrity,DONE,Implemented 5.0s hard-cap for non-authoritative flushes and atomic manifest write-rename.,stored_artifacts/D145C3D0-MILESTONE-C/
2026-04-19,TCK-20260419-MC-TASK5-OPERATIONAL-TEST-SUITE,Complete Operational-Integrity Test Suite,DONE,Certified 100% pass rate across 24 lifecycle and persistence safety tests.,stored_artifacts/D145C3D0-MILESTONE-C/
2026-04-19,TCK-20260419-MC-TASK6-FINAL-DOC-PACK,Final Milestone C Documentation Pack,DONE,Finalized Operational Integrity Contract (MC) and terminology alignment pack.,stored_artifacts/D145C3D0-MILESTONE-C/
2026-04-19,TCK-20260419-MD-TASK1-FREEZE-CONCURRENCY-CONTRACT,Freeze Milestone D concurrency contract,DONE,Aligned WorkClass terminology and locked the deterministic commit law.,stored_artifacts/D145C3D0-MILESTONE-D-TASK1/
2026-04-19,TCK-20260419-MD-TASK2-HARDEN-PROTOCOL-AND-COMMIT-LAW,Harden worker protocol and commit law,DONE,Implemented deterministic neighbor views and explicit work-id tracking. Hardened commit resolution.,stored_artifacts/D145C3D0-MILESTONE-D-TASK2/
2026-04-19,TCK-20260419-MD-TASK3-HARDEN-FALLBACK-AND-BOUNDS,Harden fallback and bounds,DONE,Implemented universal _wrap_work and Failure-to-No-Op law.,stored_artifacts/D145C3D0-MILESTONE-D-TASK3/
2026-04-19,TCK-20260419-MD-TASK4-DETERMINISTIC-SUITE,Complete deterministic test suite,DONE,Verified 100% bit-identical equivalence under high-pressure chaos.,stored_artifacts/D145C3D0-MILESTONE-D-TASK4/
2026-04-19T15:35:00Z,TCK-20260419-MD-TASK4-DETERMINISTIC-SUITE,Complete deterministic test suite and Real Domain Slice,DONE,Verified 100% bit-identical equivalence with real movement domain logic.,stored_artifacts/MD-FINAL/
2026-04-20T00:58:00Z,TCK-20260420-ME-CERT-TRUST,Hardening Engine Certification and Release Trust,DONE,Expanded certification scenario catalog to 15 scenarios and hardened release gate trust.,stored_artifacts/TCK-20260420-ME-CERT-TRUST/
2026-04-20T10:45:00Z,TCK-20260420-MA-BASELINE-ISOLATION,Substrate Hardening (MA/MB/MC),DONE,Isolated the semantic baseline from concurrency plumbing (MA), hardened operational signals (MB), and de-simulated debt logic (MC).,stored_artifacts/TCK-20260420-MA-BASELINE-ISOLATION/
2026-04-20T01:47:00Z,TCK-20260420-V2-ENGINE-STABILIZATION,V2 Resource Engine Test Stabilization,DONE,Resolved test regressions, aligned protocol signatures, and enforced system ID reservation. 100% test pass.,stored_artifacts/TCK-20260420-V2-ENGINE-STABILIZATION/
2026-04-20T13:00:00Z,TCK-20260420-CORE-MOVEMENT-SLICE,Deterministic Grid Movement Substrate,DONE,Implemented authoritative grid movement resolve logic with bit-identical parity to src engine.,stored_artifacts/TCK-20260420-CORE-MOVEMENT-SLICE/
2026-04-20T14:45:00Z,TCK-20260420-CERT-CONSOLIDATION,Certification Artifact Consolidation,DONE,Reduced report clutter from 60+ files to 3 bundled files while maintaining 100% Gate pass.,stored_artifacts/TCK-20260420-CERT-CONSOLIDATION/
2026-04-20,TCK-20260420-PERF-FOUNDATION,Established performance contract; instrumented Kernel phase timing; created BenchHarness and initial baseline.
2026-04-20T15:45:00Z,TCK-20260420-RESOURCE-PHASE4-M5,Milestone 5: Supported Gameplay Surface Consolidation,DONE,Unified Movement and Resource Interaction into a single certifiable surface with hardened release gates. Phase 4 Complete.,stored_artifacts/TCK-20260420-RESOURCE-PHASE4-M5/
2026-04-20T16:00:00Z,TCK-20260420-M1-CORE-FREEZE,Substrate Baseline and Vocabulary Freeze,DONE,Frozen 6-phase contract and operational signals. Verified via final gate.,tickets/done/TCK-20260420-M1-CORE-FREEZE.md
2026-04-20T16:00:00Z,TCK-20260420-RESOURCE-INTERACTION,Deterministic Resource Interaction Core,DONE,Implemented multi-tick interaction and inventory pressure laws. Verified parity.,tickets/done/TCK-20260420-RESOURCE-INTERACTION.md
2026-04-20T16:00:00Z,TCK-20260420-PHASE4-FINAL-VERIF,Phase 4 Final Verification & Closure,DONE,Successfully audited all milestones and finalized the certifiable engine substrate.,tickets/done/TCK-20260420-RESOURCE-PHASE4-WALKTHROUGH.md
2026-04-20T16:30:00Z,TCK-20260420-REPLAY-RACE,Resolve Replay Manager Thread-Safety,DONE,Implemented thread-safe manifest updates and chunk snapshots.,stored_artifacts/TCK-20260420-REPLAY-RACE/
2026-04-20T16:31:00Z,TCK-20260420-STARTUP-VAL,Hardened Startup Validation,DONE,Decoupled profile validation into explicit evaluate() method.,stored_artifacts/TCK-20260420-STARTUP-VAL/
2026-04-20T16:32:00Z,TCK-20260420-CPU-GOV,CPU Concurrency Shedding,DONE,Implemented Governor-to-Executor limit propagation.,stored_artifacts/TCK-20260420-CPU-GOV/
2026-04-20T16:33:00Z,TCK-20260420-INTERACT-PRESS,Inventory Weight Pressure,DONE,Implemented authoritative item weight enforcement.,stored_artifacts/TCK-20260420-INTERACT-PRESS/
2026-04-20T16:34:00Z,TCK-20260420-INTERACT-LOOT,Channeled Looting,DONE,Implement one-shot ground item looting with channeling reset.,stored_artifacts/TCK-20260420-INTERACT-LOOT/
2026-04-20T16:35:00Z,TCK-20260420-TOWN-LOOP,Town Resource Resolution,DONE,Implemented sell-on-entry material conversion logic.,stored_artifacts/TCK-20260420-TOWN-LOOP/
2026-04-21,TCK-20260421-V2-TEST-HARDENING,V2 Test Verification and Hardening complete (168/168 passed)
2026-04-21T08:30:00Z,TCK-20260421-RESOURCE-INTERACT-PARITY,Implement Initial Resource Interaction Differential Parity Proof,DONE,Implemented bit-identical harvest and loot outcomes.,stored_artifacts/TCK-20260421-RESOURCE-INTERACT-PARITY/
2026-04-21T08:30:10Z,TCK-20260421-TOWN-RESOLUTION-SCOPE,Town Resource Resolution Recovery,DONE,Implemented legal blacksmith and shop resolution with full legacy parity.,stored_artifacts/TCK-20260421-TOWN-RESOLUTION-SCOPE/
2026-04-21T08:30:20Z,TCK-20260421-RESOURCE-CONTRACT,Resource Contract and Domain invariants,DONE,Enforced weight and slot pressure laws in InteractionSystem.,stored_artifacts/TCK-20260421-RESOURCE-CONTRACT/
2026-04-21T08:30:30Z,TCK-20260421-PROGRESSION-LOOP-PROOF,Integrated Resource Progression Proof,DONE,Verified bit-identical autonomous progression loop.,stored_artifacts/TCK-20260421-PROGRESSION-LOOP-PROOF/
2026-04-21T08:30:40Z,TCK-20260421-PHASE5-MILESTONE-5,Supported Progression Surface Consolidation,DONE,Published Phase 5 truth package and hardened certification.,stored_artifacts/TCK-20260421-PHASE5-MILESTONE-5/
2026-04-21,TCK-20260421-RESOURCE-HARDENING,Phase 5 Hardening & Integrity Guards,DONE
Audit-Date,TCK-20260421-LEGACY-AUDIT,DONE
